{"last_node_id": 54, "last_link_id": 93, "nodes": [{"id": 4, "type": "LoadImage", "pos": [-103, 872], "size": {"0": 383.98651123046875, "1": 383.4250183105469}, "flags": {}, "order": 0, "mode": 0, "outputs": [{"name": "IMAGE", "type": "IMAGE", "links": [14], "shape": 3, "slot_index": 0}, {"name": "MASK", "type": "MASK", "links": [], "shape": 3, "slot_index": 1}], "properties": {"Node name for S&R": "LoadImage"}, "widgets_values": ["face_fix_Siax_.png", "image"]}, {"id": 2, "type": "ControlNetLoader", "pos": [-60, 1312], "size": {"0": 315, "1": 58}, "flags": {}, "order": 1, "mode": 0, "outputs": [{"name": "CONTROL_NET", "type": "CONTROL_NET", "links": [1], "shape": 3, "slot_index": 0}], "properties": {"Node name for S&R": "ControlNetLoader"}, "widgets_values": ["control_seg-fp16.safetensors"]}, {"id": 8, "type": "Nui.OpenPoseEditor", "pos": [317, 878], "size": {"0": 324, "1": 351}, "flags": {}, "order": 2, "mode": 0, "outputs": [{"name": "IMAGE", "type": "IMAGE", "links": [], "shape": 3, "slot_index": 0}], "properties": {"Node name for S&R": "Nui.OpenPoseEditor", "savedPose": "{\n    \"width\": 560,\n    \"height\": 800,\n    \"keypoints\": [\n        [\n            [\n                263.9931003034113,\n                267.69039230897863\n            ],\n            [\n                267.0158910285432,\n                334.5559275556797\n            ],\n            [\n                186.21243208658885,\n                331.73308406457494\n            ],\n            [\n                176.59111041858174,\n                434.24078353564715\n            ],\n            [\n                270.51834015350033,\n                523.2292664320064\n            ],\n            [\n                353.1652979201905,\n                331.1185158598209\n            ],\n            [\n                385.6391851657553,\n                407.30050306558377\n            ],\n            [\n                283.3096574007063,\n                406.1020849411924\n            ],\n            [\n                239.9669443836236,\n                522.8043317643101\n            ],\n            [\n                196.92883155297108,\n                402.031113134086\n            ],\n            [\n                167.27340535507778,\n                626.1766239435639\n            ],\n            [\n                310.17504232538676,\n                520.9908560530308\n            ],\n            [\n                336.5272567484591,\n                392.07260571038626\n            ],\n            [\n                361.3662458068394,\n                626.0995488615373\n            ],\n            [\n                242.50538048557377,\n                214.96984967334478\n            ],\n            [\n                278.44542452487417,\n                216.79583604205055\n            ],\n            [\n                224.64443323699862,\n                243.53789345610855\n            ],\n            [\n                303.3286004043369,\n                259.8062011374357\n            ]\n        ]\n    ]\n}"}, "widgets_values": ["ComfyUI_OpenPose_76.png", "{\n    \"width\": 560,\n    \"height\": 800,\n    \"keypoints\": [\n        [\n            [\n                263.9931003034113,\n                267.69039230897863\n            ],\n            [\n                267.0158910285432,\n                334.5559275556797\n            ],\n            [\n                186.21243208658885,\n                331.73308406457494\n            ],\n            [\n                176.59111041858174,\n                434.24078353564715\n            ],\n            [\n                270.51834015350033,\n                523.2292664320064\n            ],\n            [\n                353.1652979201905,\n                331.1185158598209\n            ],\n            [\n                385.6391851657553,\n                407.30050306558377\n            ],\n            [\n                283.3096574007063,\n                406.1020849411924\n            ],\n            [\n                239.9669443836236,\n                522.8043317643101\n            ],\n            [\n                196.92883155297108,\n                402.031113134086\n            ],\n            [\n                167.27340535507778,\n                626.1766239435639\n            ],\n            [\n                310.17504232538676,\n                520.9908560530308\n            ],\n            [\n                336.5272567484591,\n                392.07260571038626\n            ],\n            [\n                361.3662458068394,\n                626.0995488615373\n            ],\n            [\n                242.50538048557377,\n                214.96984967334478\n            ],\n            [\n                278.44542452487417,\n                216.79583604205055\n            ],\n            [\n                224.64443323699862,\n                243.53789345610855\n            ],\n            [\n                303.3286004043369,\n                259.8062011374357\n            ]\n        ]\n    ]\n}", "image"]}, {"id": 7, "type": "Reroute", "pos": [956.1001708984378, 1262.8399218750017], "size": [75, 26], "flags": {}, "order": 3, "mode": 0, "inputs": [{"name": "", "type": "*", "link": null, "slot_index": 0}], "outputs": [{"name": "", "type": "*", "links": [70], "slot_index": 0}], "properties": {"showOutputText": false, "horizontal": false}}, {"id": 6, "type": "Reroute", "pos": [820.1001708984378, 1263.8399218750017], "size": [75, 26], "flags": {}, "order": 15, "mode": 0, "inputs": [{"name": "", "type": "*", "link": 13}], "outputs": [{"name": "", "type": "CONDITIONING", "links": [], "slot_index": 0}], "properties": {"showOutputText": false, "horizontal": false}, "color": "#232", "bgcolor": "#353"}, {"id": 3, "type": "ControlNetApply", "pos": [318, 1280], "size": {"0": 317.4000244140625, "1": 98}, "flags": {}, "order": 13, "mode": 0, "inputs": [{"name": "conditioning", "type": "CONDITIONING", "link": 51, "slot_index": 0}, {"name": "control_net", "type": "CONTROL_NET", "link": 1}, {"name": "image", "type": "IMAGE", "link": 14}], "outputs": [{"name": "CONDITIONING", "type": "CONDITIONING", "links": [13], "shape": 3, "slot_index": 0}], "properties": {"Node name for S&R": "ControlNetApply"}, "widgets_values": [1]}, {"id": 41, "type": "Samples Passthrough (Stat System)", "pos": [1815.226891601561, 795], "size": {"0": 210, "1": 26}, "flags": {}, "order": 16, "mode": 0, "inputs": [{"name": "samples", "type": "LATENT", "link": 71}], "outputs": [{"name": "samples", "type": "LATENT", "links": [66], "shape": 3, "slot_index": 0}], "title": "CTRL+M to toggle", "properties": {"Node name for S&R": "Samples Passthrough (Stat System)"}, "color": "#323", "bgcolor": "#535"}, {"id": 26, "type": "UltralyticsDetectorProvider", "pos": [2710, 710], "size": {"0": 315, "1": 78}, "flags": {}, "order": 4, "mode": 0, "outputs": [{"name": "BBOX_DETECTOR", "type": "BBOX_DETECTOR", "links": [33], "shape": 3, "slot_index": 0}, {"name": "SEGM_DETECTOR", "type": "SEGM_DETECTOR", "links": null, "shape": 3}], "properties": {"Node name for S&R": "UltralyticsDetectorProvider"}, "widgets_values": ["bbox/face_yolov8n_v2.pt"]}, {"id": 17, "type": "SAMLoader", "pos": [2710, 830], "size": {"0": 315, "1": 82}, "flags": {}, "order": 5, "mode": 0, "outputs": [{"name": "SAM_MODEL", "type": "SAM_MODEL", "links": [34], "shape": 3, "slot_index": 0}], "properties": {"Node name for S&R": "SAMLoader"}, "widgets_values": ["sam_vit_h_4b8939.pth", "AUTO"], "color": "#232", "bgcolor": "#353"}, {"id": 37, "type": "RebatchLatents", "pos": [2780, 950], "size": {"0": 315, "1": 58}, "flags": {"collapsed": true}, "order": 17, "mode": 0, "inputs": [{"name": "latents", "type": "LATENT", "link": 66}], "outputs": [{"name": "LATENT", "type": "LATENT", "links": [56], "shape": 6, "slot_index": 0}], "properties": {"Node name for S&R": "RebatchLatents"}, "widgets_values": [1]}, {"id": 38, "type": "VAEDecode", "pos": [2800, 1000], "size": {"0": 210, "1": 46},